QID,Phase,Algo,Task,Accuracy
6,Training,Contiguous,Compare,32
7,Training,Contiguous,Filter,29
8,Training,Contiguous,Find-Top-k,32
9,Training,Contiguous,Summarize,17
10,Training,Dorling,Compare,30
11,Training,Dorling,Filter,31
12,Training,Dorling,Find-Top-k,15
13,Training,Dorling,Summarize,29
14,Training,Contiguous,Compare,29
15,Training,Contiguous,Filter,21
16,Training,Contiguous,Find-Top-k,30
17,Training,Contiguous,Summarize,27
18,Training,Dorling,Compare,32
19,Training,Dorling,Filter,32
20,Training,Dorling,Find-Top-k,31
21,Training,Dorling,Summarize,22
23,Encoding,Contiguous,Compare,30
24,Encoding,Contiguous,Filter,30
25,Encoding,Contiguous,Find-Top-k,30
26,Encoding,Contiguous,Summarize,29
27,Encoding,Dorling,Compare,30
28,Encoding,Dorling,Filter,30
29,Encoding,Dorling,Find-Top-k,31
30,Encoding,Dorling,Summarize,29
31,Encoding,Contiguous,Compare,29
32,Encoding,Contiguous,Filter,28
33,Encoding,Contiguous,Find-Top-k,30
34,Encoding,Contiguous,Summarize,25
35,Encoding,Dorling,Compare,32
36,Encoding,Dorling,Filter,30
37,Encoding,Dorling,Find-Top-k,30
38,Encoding,Dorling,Summarize,28
41,Recognition,Contiguous,Hit,23
42,Recognition,Contiguous,Hit,26
43,Recognition,Dorling,Hit,28
44,Recognition,Dorling,Hit,26
45,Recognition,Dorling,Miss,15
46,Recognition,Dorling,Miss,31
47,Recognition,Contiguous,Miss,10
48,Recognition,Contiguous,Miss,23
50,Recall,Contiguous,Compare,32
51,Recall,Contiguous,Filter,26
52,Recall,Contiguous,Find-Top-k,30
53,Recall,Contiguous,Summarize,17
54,Recall,Dorling,Compare,28
55,Recall,Dorling,Filter,31
56,Recall,Dorling,Find-Top-k,26
57,Recall,Dorling,Summarize,27
58,Recall,Contiguous,Compare,28
59,Recall,Contiguous,Filter,22
60,Recall,Contiguous,Find-Top-k,25
61,Recall,Contiguous,Summarize,23
62,Recall,Dorling,Compare,29
63,Recall,Dorling,Filter,18
64,Recall,Dorling,Find-Top-k,22
65,Recall,Dorling,Summarize,28
