QID,Phase,Algo,Task,Time
6,Training,Contiguous,Compare,628.8458395003
7,Training,Contiguous,Filter,566.3458809853
8,Training,Contiguous,Find-Top-k,444.531400442
9,Training,Contiguous,Summarize,854.2391455176
10,Training,Dorling,Compare,454.3394064905
11,Training,Dorling,Filter,508.7733008862
12,Training,Dorling,Find-Top-k,683.2147262096
13,Training,Dorling,Summarize,922.3582165241
14,Training,Contiguous,Compare,572.7973208427
15,Training,Contiguous,Filter,1130.4860935206
16,Training,Contiguous,Find-Top-k,412.5039446355
17,Training,Contiguous,Summarize,709.216758728
18,Training,Dorling,Compare,479.8959255221
19,Training,Dorling,Filter,707.7937269203
20,Training,Dorling,Find-Top-k,520.4394004345
21,Training,Dorling,Summarize,8377.6335732889
23,Encoding,Contiguous,Compare,281.8336784839
24,Encoding,Contiguous,Filter,696.3176999092
25,Encoding,Contiguous,Find-Top-k,362.2211613654
26,Encoding,Contiguous,Summarize,745.3556206226
27,Encoding,Dorling,Compare,341.3456790446
28,Encoding,Dorling,Filter,447.8115942477
29,Encoding,Dorling,Find-Top-k,721.0169274807
30,Encoding,Dorling,Summarize,574.9966442586
31,Encoding,Contiguous,Compare,280.375522852
32,Encoding,Contiguous,Filter,369.8486845493
33,Encoding,Contiguous,Find-Top-k,420.8249247073
34,Encoding,Contiguous,Summarize,630.2901816368
35,Encoding,Dorling,Compare,422.7005503179
36,Encoding,Dorling,Filter,431.9576628208
37,Encoding,Dorling,Find-Top-k,446.5572535991
38,Encoding,Dorling,Summarize,623.1106367112
41,Recognition,Contiguous,Hit,237.6156702042
42,Recognition,Contiguous,Hit,196.8581323624
43,Recognition,Dorling,Hit,213.7072432041
44,Recognition,Dorling,Hit,214.5130150318
45,Recognition,Dorling,Miss,267.0416932106
46,Recognition,Dorling,Miss,200.3942353725
47,Recognition,Contiguous,Miss,239.5314207077
48,Recognition,Contiguous,Miss,228.8781290055
50,Recall,Contiguous,Compare,133.3517551422
51,Recall,Contiguous,Filter,344.0564181805
52,Recall,Contiguous,Find-Top-k,243.829271078
53,Recall,Contiguous,Summarize,289.3045377731
54,Recall,Dorling,Compare,237.9942483902
55,Recall,Dorling,Filter,262.7641198636
56,Recall,Dorling,Find-Top-k,403.0865945815
57,Recall,Dorling,Summarize,263.7488102913
58,Recall,Contiguous,Compare,183.1170461178
59,Recall,Contiguous,Filter,260.7945182323
60,Recall,Contiguous,Find-Top-k,300.9777562618
61,Recall,Contiguous,Summarize,264.0181007386
62,Recall,Dorling,Compare,274.0620257853
63,Recall,Dorling,Filter,224.8696110249
64,Recall,Dorling,Find-Top-k,272.5632212162
65,Recall,Dorling,Summarize,295.6897082328
